athlete_id,date,training_load,performance_score
A1109,2007-11-13,120.0,0.8
A1109,2007-11-13,160.0,0.9
A1109,2007-11-13,200.0,1.1
A1109,2007-11-13,240.0,1.3
A1109,2007-11-13,280.0,2.3
A1109,2007-11-13,320.0,4.7
A1106,2010-02-18,120.0,1.2
A1106,2010-02-18,160.0,1.1
A1106,2010-02-18,200.0,1.4
A1106,2010-02-18,240.0,1.8
A1106,2010-02-18,280.0,2.6
A1106,2010-02-18,320.0,4.5
A1106,2010-02-18,360.0,6.6
A1108,2010-01-28,120.0,1.4
A1108,2010-01-28,150.0,1.4
A1108,2010-01-28,180.0,1.6
A1108,2010-01-28,210.0,2.2
A1108,2010-01-28,240.0,3.0
A1108,2010-01-28,270.0,4.6
A1108,2010-01-28,300.0,6.1
A1107,2005-11-02,120.0,1.2
A1107,2005-11-02,160.0,1.5
A1107,2005-11-02,200.0,1.8
A1107,2005-11-02,240.0,2.3
A1107,2005-11-02,280.0,3.6
A1107,2005-11-02,320.0,5.9
A1107,2005-11-02,350.0,9.7
A1102,2008-05-20,120.0,0.6
A1102,2008-05-20,140.0,0.5
A1102,2008-05-20,160.0,0.5
A1102,2008-05-20,180.0,0.8
A1102,2008-05-20,200.0,1.0
A1102,2008-05-20,220.0,1.4
A1102,2008-05-20,240.0,1.8
A1102,2008-05-20,260.0,2.8
A1102,2008-05-20,280.0,4.8
A1104,2006-01-11,120.0,0.9
A1104,2006-01-11,160.0,0.8
A1104,2006-01-11,200.0,0.9
A1104,2006-01-11,240.0,1.1
A1104,2006-01-11,280.0,1.6
A1104,2006-01-11,320.0,2.6
A1104,2006-01-11,360.0,5.1
A1103,2004-03-11,120.0,0.9
A1103,2004-03-11,160.0,0.7
A1103,2004-03-11,200.0,1.4
A1103,2004-03-11,240.0,2.4
A1103,2004-03-11,280.0,3.7
A1103,2004-03-11,320.0,8.4
A1105,2008-10-14,120.0,1.5
A1105,2008-10-14,140.0,1.6
A1105,2008-10-14,160.0,2.3
A1105,2008-10-14,180.0,3.0
A1105,2008-10-14,200.0,3.9
A1105,2008-10-14,220.0,5.1
A1105,2008-10-14,240.0,9.3
A1100,2006-12-05,100.0,0.7
A1100,2006-12-05,120.0,0.7
A1100,2006-12-05,140.0,0.6
A1100,2006-12-05,160.0,0.7
A1100,2006-12-05,180.0,0.9
A1100,2006-12-05,200.0,1.6
A1100,2006-12-05,220.0,2.2
A1100,2006-12-05,240.0,2.9
A1100,2006-12-05,260.0,4.1
A1100,2006-12-05,280.0,5.6
A1098,2006-11-03,100.0,1.6
A1098,2006-11-03,120.0,1.7
A1098,2006-11-03,140.0,2.1
A1098,2006-11-03,160.0,3.1
A1098,2006-11-03,180.0,5.3
A1098,2006-11-03,200.0,7.4
A1099,2004-11-29,120.0,1.1
A1099,2004-11-29,160.0,1.0
A1099,2004-11-29,200.0,1.1
A1099,2004-11-29,240.0,1.5
A1099,2004-11-29,280.0,2.0
A1099,2004-11-29,320.0,3.2
A1099,2004-11-29,360.0,6.0
A1101,2006-11-08,120.0,0.9
A1101,2006-11-08,160.0,0.9
A1101,2006-11-08,200.0,0.9
A1101,2006-11-08,240.0,1.1
A1101,2006-11-08,280.0,1.8
A1101,2006-11-08,320.0,3.1
A1101,2006-11-08,360.0,5.8
A1096,2009-11-13,120.0,1.0
A1096,2009-11-13,160.0,0.9
A1096,2009-11-13,200.0,1.0
A1096,2009-11-13,240.0,1.2
A1096,2009-11-13,280.0,1.6
A1096,2009-11-13,320.0,2.8
A1096,2009-11-13,360.0,4.4
A1096,2009-11-13,400.0,7.2
A1094,2005-11-22,140.0,0.8
A1094,2005-11-22,160.0,0.8
A1094,2005-11-22,200.0,1.1
A1094,2005-11-22,240.0,2.2
A1094,2005-11-22,280.0,4.2
A1094,2005-11-22,320.0,7.4
A1095,2006-02-17,120.0,1.4
A1095,2006-02-17,160.0,1.5
A1095,2006-02-17,200.0,1.4
A1095,2006-02-17,240.0,1.4
A1095,2006-02-17,280.0,2.2
A1095,2006-02-17,320.0,3.5
A1095,2006-02-17,360.0,6.7
A1095,2006-02-17,380.0,8.9
A1097,2005-12-15,120.0,0.7
A1097,2005-12-15,160.0,0.6
A1097,2005-12-15,200.0,0.8
A1097,2005-12-15,240.0,1.1
A1097,2005-12-15,280.0,1.6
A1097,2005-12-15,320.0,3.5
A1097,2005-12-15,360.0,8.9
A1092,2005-03-02,120.0,1.4
A1092,2005-03-02,160.0,1.4
A1092,2005-03-02,200.0,1.3
A1092,2005-03-02,240.0,1.7
A1092,2005-03-02,280.0,2.7
A1092,2005-03-02,320.0,5.9
A1090,2007-09-26,120.0,1.1
A1090,2007-09-26,160.0,1.2
A1090,2007-09-26,200.0,1.3
A1090,2007-09-26,240.0,1.7
A1090,2007-09-26,280.0,2.4
A1090,2007-09-26,320.0,4.3
A1090,2007-09-26,360.0,6.5
A1089,2005-05-17,120.0,1.4
A1089,2005-05-17,160.0,1.3
A1089,2005-05-17,200.0,1.2
A1089,2005-05-17,240.0,1.2
A1089,2005-05-17,280.0,1.6
A1089,2005-05-17,320.0,2.9
A1089,2005-05-17,360.0,6.2
A1093,2008-05-01,120.0,0.4
A1093,2008-05-01,160.0,0.5
A1093,2008-05-01,200.0,0.6
A1093,2008-05-01,240.0,1.1
A1093,2008-05-01,280.0,1.7
A1093,2008-05-01,320.0,2.7
A1093,2008-05-01,360.0,6.7
A1091,2005-11-23,120.0,1.3
A1091,2005-11-23,160.0,1.3
A1091,2005-11-23,200.0,1.5
A1091,2005-11-23,240.0,2.0
A1091,2005-11-23,280.0,3.0
A1091,2005-11-23,320.0,6.3
A1091,2005-11-23,336.0,8.1
A1088,2008-12-10,120.0,1.2
A1088,2008-12-10,150.0,0.9
A1088,2008-12-10,180.0,1.1
A1088,2008-12-10,210.0,1.4
A1088,2008-12-10,240.0,2.3
A1088,2008-12-10,270.0,3.8
A1088,2008-12-10,300.0,6.1
A1087,2006-03-01,120.0,1.0
A1087,2006-03-01,160.0,1.0
A1087,2006-03-01,200.0,1.1
A1087,2006-03-01,240.0,1.3
A1087,2006-03-01,280.0,2.1
A1087,2006-03-01,320.0,4.0
A1087,2006-03-01,360.0,6.7
A1086,2009-02-18,120.0,1.3
A1086,2009-02-18,160.0,1.2
A1086,2009-02-18,200.0,1.0
A1086,2009-02-18,240.0,1.1
A1086,2009-02-18,280.0,1.4
A1086,2009-02-18,320.0,2.1
A1086,2009-02-18,360.0,3.7
A1086,2009-02-18,400.0,7.9
A1083,2006-10-31,120.0,0.8
A1083,2006-10-31,160.0,0.9
A1083,2006-10-31,200.0,1.2
A1083,2006-10-31,240.0,2.2
A1083,2006-10-31,280.0,3.9
A1083,2006-10-31,320.0,7.6
A1080,2005-06-16,100.0,0.9
A1080,2005-06-16,125.0,0.9
A1080,2005-06-16,150.0,0.8
A1080,2005-06-16,175.0,1.1
A1080,2005-06-16,200.0,1.6
A1080,2005-06-16,225.0,2.0
A1080,2005-06-16,250.0,2.7
A1080,2005-06-16,275.0,3.4
A1080,2005-06-16,300.0,5.7
A1081,2004-11-02,120.0,0.9
A1081,2004-11-02,160.0,1.3
A1081,2004-11-02,200.0,1.5
A1081,2004-11-02,240.0,2.6
A1081,2004-11-02,280.0,3.7
A1081,2004-11-02,320.0,6.8
A1082,2008-01-11,120.0,1.1
A1082,2008-01-11,160.0,1.0
A1082,2008-01-11,200.0,1.2
A1082,2008-01-11,240.0,1.6
A1082,2008-01-11,280.0,3.0
A1082,2008-01-11,320.0,5.8
A1082,2008-01-11,360.0,11.3
A1085,2010-01-12,120.0,1.6
A1085,2010-01-12,160.0,1.8
A1085,2010-01-12,200.0,1.7
A1085,2010-01-12,240.0,1.8
A1085,2010-01-12,280.0,2.4
A1085,2010-01-12,320.0,3.6
A1085,2010-01-12,360.0,5.4
A1085,2010-01-12,400.0,7.6
A1084,2006-12-07,100.0,1.0
A1084,2006-12-07,120.0,1.2
A1084,2006-12-07,140.0,2.2
A1084,2006-12-07,160.0,3.4
A1084,2006-12-07,180.0,4.7
A1084,2006-12-07,200.0,7.7
A1120,2009-04-21,120.0,0.8
A1120,2009-04-21,160.0,0.7
A1120,2009-04-21,200.0,0.7
A1120,2009-04-21,240.0,1.0
A1120,2009-04-21,280.0,1.6
A1120,2009-04-21,320.0,2.1
A1120,2009-04-21,360.0,5.3
A1117,2009-12-22,120.0,1.6
A1117,2009-12-22,140.0,1.8
A1117,2009-12-22,160.0,2.0
A1117,2009-12-22,180.0,2.2
A1117,2009-12-22,200.0,2.7
A1117,2009-12-22,220.0,3.6
A1117,2009-12-22,240.0,4.7
A1117,2009-12-22,260.0,7.8
A1115,2006-12-07,100.0,1.4
A1115,2006-12-07,120.0,1.9
A1115,2006-12-07,140.0,2.7
A1115,2006-12-07,160.0,3.4
A1115,2006-12-07,180.0,6.2
A1115,2006-12-07,200.0,9.7
A1116,2009-02-11,120.0,0.8
A1116,2009-02-11,150.0,0.8
A1116,2009-02-11,180.0,1.2
A1116,2009-02-11,210.0,1.5
A1116,2009-02-11,240.0,1.6
A1116,2009-02-11,270.0,2.2
A1116,2009-02-11,300.0,3.7
A1116,2009-02-11,330.0,5.8
A1112,2005-01-06,120.0,0.8
A1112,2005-01-06,160.0,1.0
A1112,2005-01-06,200.0,0.9
A1112,2005-01-06,240.0,1.1
A1112,2005-01-06,280.0,1.8
A1112,2005-01-06,320.0,3.0
A1112,2005-01-06,360.0,5.3
A1113,2006-01-25,120.0,0.9
A1113,2006-01-25,150.0,1.0
A1113,2006-01-25,180.0,1.0
A1113,2006-01-25,210.0,1.5
A1113,2006-01-25,240.0,2.2
A1113,2006-01-25,270.0,3.5
A1113,2006-01-25,300.0,7.7
A1111,2006-02-14,120.0,0.6
A1111,2006-02-14,160.0,0.7
A1111,2006-02-14,200.0,0.7
A1111,2006-02-14,240.0,1.1
A1111,2006-02-14,280.0,1.5
A1111,2006-02-14,320.0,2.9
A1111,2006-02-14,360.0,5.1
A1119,2007-04-04,120.0,1.3
A1119,2007-04-04,160.0,1.3
A1119,2007-04-04,200.0,1.5
A1119,2007-04-04,240.0,1.8
A1119,2007-04-04,280.0,2.7
A1119,2007-04-04,320.0,4.8
A1119,2007-04-04,360.0,8.3
A1118,2006-02-15,120.0,1.0
A1118,2006-02-15,160.0,0.8
A1118,2006-02-15,200.0,0.6
A1118,2006-02-15,240.0,0.9
A1118,2006-02-15,280.0,0.8
A1118,2006-02-15,320.0,1.2
A1118,2006-02-15,360.0,1.9
A1118,2006-02-15,400.0,3.3
A1118,2006-02-15,440.0,7.8
A1114,2005-03-15,120.0,1.1
A1114,2005-03-15,150.0,1.0
A1114,2005-03-15,180.0,1.4
A1114,2005-03-15,210.0,2.1
A1114,2005-03-15,240.0,3.0
A1114,2005-03-15,270.0,5.3
A1110,2006-01-10,160.0,0.7
A1110,2006-01-10,200.0,0.8
A1110,2006-01-10,240.0,0.7
A1110,2006-01-10,280.0,0.9
A1110,2006-01-10,320.0,2.0
A1110,2006-01-10,360.0,4.1
A1110,2006-01-10,400.0,7.5
A231,1999-06-23,120.0,1.7
A231,1999-06-23,160.0,1.9
A231,1999-06-23,200.0,2.0
A231,1999-06-23,240.0,2.1
A231,1999-06-23,280.0,3.7
A231,1999-06-23,320.0,7.8
A231,1999-06-23,360.0,12.1
A230,2001-11-13,120.0,1.3
A230,2001-11-13,160.0,1.2
A230,2001-11-13,200.0,1.0
A230,2001-11-13,240.0,1.1
A230,2001-11-13,280.0,1.4
A230,2001-11-13,320.0,2.5
A230,2001-11-13,360.0,4.4
A230,2001-11-13,400.0,8.5
A229,2002-03-06,120.0,1.2
A229,2002-03-06,160.0,1.4
A229,2002-03-06,200.0,1.5
A229,2002-03-06,240.0,1.5
A229,2002-03-06,280.0,1.8
A229,2002-03-06,320.0,3.7
A229,2002-03-06,360.0,6.0
A229,2002-03-06,400.0,13.2
A228,2007-12-19,120.0,0.7
A228,2007-12-19,160.0,0.8
A228,2007-12-19,200.0,1.0
A228,2007-12-19,240.0,1.6
A228,2007-12-19,280.0,3.4
A228,2007-12-19,320.0,5.8
A228,2007-12-19,360.0,11.2
A227,2008-03-12,120.0,1.0
A227,2008-03-12,160.0,0.8
A227,2008-03-12,200.0,0.8
A227,2008-03-12,240.0,1.3
A227,2008-03-12,280.0,2.8
A227,2008-03-12,320.0,4.7
A227,2008-03-12,360.0,7.4
A224,2004-09-21,120.0,0.6
A224,2004-09-21,160.0,0.8
A224,2004-09-21,200.0,0.8
A224,2004-09-21,240.0,1.2
A224,2004-09-21,280.0,1.9
A224,2004-09-21,320.0,3.6
A224,2004-09-21,360.0,6.4
A223,2005-03-03,120.0,0.8
A223,2005-03-03,160.0,0.7
A223,2005-03-03,200.0,0.9
A223,2005-03-03,240.0,0.9
A223,2005-03-03,280.0,1.7
A223,2005-03-03,320.0,2.7
A223,2005-03-03,360.0,4.9
A223,2005-03-03,400.0,8.2
A225,2007-10-03,120.0,0.8
A225,2007-10-03,160.0,0.7
A225,2007-10-03,200.0,1.1
A225,2007-10-03,240.0,1.9
A225,2007-10-03,280.0,3.1
A225,2007-10-03,320.0,6.8
A225,2007-10-03,360.0,10.5
A226,2009-02-04,120.0,1.2
A226,2009-02-04,160.0,1.1
A226,2009-02-04,200.0,1.2
A226,2009-02-04,240.0,1.5
A226,2009-02-04,280.0,2.6
A226,2009-02-04,320.0,4.3
A226,2009-02-04,360.0,7.3
A219,2001-12-11,120.0,0.8
A219,2001-12-11,160.0,0.8
A219,2001-12-11,200.0,1.2
A219,2001-12-11,240.0,1.8
A219,2001-12-11,280.0,3.1
A219,2001-12-11,320.0,5.6
A221,2009-10-30,120.0,0.7
A221,2009-10-30,160.0,0.5
A221,2009-10-30,200.0,0.6
A221,2009-10-30,240.0,0.8
A221,2009-10-30,280.0,1.2
A221,2009-10-30,320.0,2.4
A221,2009-10-30,360.0,3.9
A221,2009-10-30,400.0,6.3
A218,2002-11-12,120.0,2.0
A218,2002-11-12,160.0,1.8
A218,2002-11-12,200.0,2.2
A218,2002-11-12,240.0,3.3
A218,2002-11-12,280.0,4.5
A216,2005-02-16,120.0,0.9
A216,2005-02-16,160.0,1.0
A216,2005-02-16,200.0,1.0
A216,2005-02-16,240.0,1.1
A216,2005-02-16,280.0,1.6
A216,2005-02-16,320.0,3.2
A216,2005-02-16,360.0,5.3
A215,2004-02-17,120.0,0.8
A215,2004-02-17,160.0,0.9
A215,2004-02-17,200.0,1.1
A215,2004-02-17,240.0,2.3
A215,2004-02-17,280.0,6.5
A214,2004-09-21,120.0,0.9
A214,2004-09-21,160.0,1.1
A214,2004-09-21,200.0,1.3
A214,2004-09-21,240.0,2.8
A214,2004-09-21,280.0,5.3
A214,2004-09-21,320.0,8.9
A222,2004-11-18,120.0,0.5
A222,2004-11-18,160.0,0.5
A222,2004-11-18,200.0,0.6
A222,2004-11-18,240.0,0.9
A222,2004-11-18,280.0,1.5
A222,2004-11-18,320.0,2.6
A222,2004-11-18,360.0,4.7
A222,2004-11-18,400.0,7.9
A220,2010-04-29,120.0,0.9
A220,2010-04-29,160.0,0.7
A220,2010-04-29,200.0,0.8
A220,2010-04-29,240.0,1.1
A220,2010-04-29,280.0,1.4
A220,2010-04-29,320.0,2.3
A220,2010-04-29,360.0,3.9
A220,2010-04-29,400.0,5.8
A220,2010-04-29,440.0,8.0
A217,2004-11-02,120.0,1.4
A217,2004-11-02,160.0,1.3
A217,2004-11-02,200.0,1.5
A217,2004-11-02,240.0,1.8
A217,2004-11-02,280.0,2.6
A217,2004-11-02,320.0,4.2
A217,2004-11-02,360.0,6.6
A211,2007-08-29,120.0,0.8
A211,2007-08-29,160.0,0.8
A211,2007-08-29,200.0,0.7
A211,2007-08-29,240.0,0.8
A211,2007-08-29,280.0,1.2
A211,2007-08-29,320.0,1.8
A211,2007-08-29,360.0,3.0
A211,2007-08-29,400.0,4.8
A211,2007-08-29,427.0,8.4
A209,2005-02-13,160.0,1.0
A209,2005-02-13,200.0,1.1
A209,2005-02-13,240.0,1.3
A209,2005-02-13,280.0,1.8
A209,2005-02-13,320.0,3.0
A209,2005-02-13,360.0,5.3
A209,2005-02-13,400.0,7.8
A210,2007-05-31,120.0,0.8
A210,2007-05-31,160.0,0.7
A210,2007-05-31,200.0,0.8
A210,2007-05-31,240.0,0.7
A210,2007-05-31,280.0,0.9
A210,2007-05-31,320.0,1.5
A210,2007-05-31,360.0,2.6
A210,2007-05-31,400.0,4.6
A210,2007-05-31,427.0,7.5
A205,2009-01-14,120.0,1.3
A205,2009-01-14,160.0,1.3
A205,2009-01-14,200.0,1.2
A205,2009-01-14,240.0,1.5
A205,2009-01-14,280.0,2.5
A205,2009-01-14,320.0,3.7
A205,2009-01-14,360.0,5.6
A206,2008-01-17,120.0,0.9
A206,2008-01-17,160.0,0.9
A206,2008-01-17,200.0,1.2
A206,2008-01-17,240.0,2.1
A206,2008-01-17,280.0,3.5
A206,2008-01-17,320.0,5.5
A206,2008-01-17,340.0,8.3
A207,2010-09-03,120.0,0.7
A207,2010-09-03,150.0,0.8
A207,2010-09-03,180.0,0.9
A207,2010-09-03,210.0,1.4
A207,2010-09-03,240.0,2.4
A207,2010-09-03,270.0,4.8
A207,2010-09-03,300.0,8.0
A213,2006-07-07,120.0,0.9
A213,2006-07-07,160.0,0.7
A213,2006-07-07,200.0,0.7
A213,2006-07-07,240.0,0.7
A213,2006-07-07,280.0,1.0
A213,2006-07-07,320.0,1.6
A213,2006-07-07,360.0,2.8
A213,2006-07-07,400.0,5.2
A208,2009-09-16,120.0,1.5
A208,2009-09-16,160.0,1.7
A208,2009-09-16,200.0,2.2
A208,2009-09-16,240.0,4.0
A208,2009-09-16,280.0,8.1
A203,2009-09-02,120.0,1.2
A203,2009-09-02,140.0,1.2
A203,2009-09-02,160.0,1.2
A203,2009-09-02,180.0,1.4
A203,2009-09-02,200.0,1.8
A203,2009-09-02,220.0,2.7
A203,2009-09-02,240.0,4.9
A203,2009-09-02,260.0,9.1
A202,2009-08-24,120.0,1.2
A202,2009-08-24,140.0,1.3
A202,2009-08-24,160.0,1.4
A202,2009-08-24,180.0,1.8
A202,2009-08-24,200.0,2.0
A202,2009-08-24,220.0,2.7
A202,2009-08-24,240.0,4.5
A202,2009-08-24,260.0,6.8
A201,2004-05-05,90.0,0.9
A201,2004-05-05,120.0,0.9
A201,2004-05-05,150.0,1.4
A201,2004-05-05,180.0,3.3
A201,2004-05-05,210.0,6.7
A200,2005-02-23,120.0,1.0
A200,2005-02-23,140.0,1.2
A200,2005-02-23,160.0,1.7
A200,2005-02-23,180.0,3.4
A200,2005-02-23,200.0,5.9
A204,2008-12-03,120.0,1.5
A204,2008-12-03,140.0,1.6
A204,2008-12-03,160.0,1.8
A204,2008-12-03,180.0,2.3
A204,2008-12-03,200.0,2.8
A204,2008-12-03,220.0,3.8
A204,2008-12-03,240.0,6.2
A204,2008-12-03,260.0,8.3
A299,2003-01-22,120.0,0.8
A299,2003-01-22,160.0,0.9
A299,2003-01-22,200.0,1.0
A299,2003-01-22,240.0,1.5
A299,2003-01-22,280.0,2.4
A299,2003-01-22,320.0,3.9
A299,2003-01-22,360.0,5.6
A295,2008-11-20,120.0,1.2
A295,2008-11-20,160.0,1.3
A295,2008-11-20,200.0,1.7
A295,2008-11-20,240.0,2.6
A295,2008-11-20,280.0,3.6
A295,2008-11-20,320.0,5.4
A295,2008-11-20,360.0,8.8
A294,2009-09-15,120.0,0.8
A294,2009-09-15,160.0,0.9
A294,2009-09-15,200.0,1.0
A294,2009-09-15,240.0,1.4
A294,2009-09-15,280.0,2.2
A294,2009-09-15,320.0,3.7
A294,2009-09-15,360.0,5.5
A294,2009-09-15,400.0,7.5
A292,2006-11-14,100.0,0.6
A292,2006-11-14,120.0,0.5
A292,2006-11-14,140.0,0.7
A292,2006-11-14,160.0,0.7
A292,2006-11-14,180.0,1.1
A292,2006-11-14,200.0,1.4
A292,2006-11-14,220.0,2.1
A292,2006-11-14,240.0,3.5
A292,2006-11-14,260.0,5.9
A293,2004-03-09,120.0,1.0
A293,2004-03-09,140.0,0.9
A293,2004-03-09,160.0,1.0
A293,2004-03-09,180.0,1.2
A293,2004-03-09,200.0,1.9
A293,2004-03-09,220.0,2.6
A293,2004-03-09,240.0,4.8
A293,2004-03-09,260.0,6.9
A291,2004-11-22,120.0,0.6
A291,2004-11-22,160.0,0.5
A291,2004-11-22,200.0,0.7
A291,2004-11-22,240.0,0.9
A291,2004-11-22,280.0,1.2
A291,2004-11-22,320.0,1.8
A291,2004-11-22,360.0,2.7
A291,2004-11-22,400.0,5.7
A289,2005-12-13,120.0,0.9
A289,2005-12-13,160.0,0.8
A289,2005-12-13,200.0,0.8
A289,2005-12-13,240.0,1.2
A289,2005-12-13,280.0,1.8
A289,2005-12-13,320.0,3.2
A289,2005-12-13,360.0,4.9
A289,2005-12-13,400.0,8.1
A287,2006-12-05,120.0,1.0
A287,2006-12-05,160.0,1.0
A287,2006-12-05,200.0,0.9
A287,2006-12-05,240.0,1.2
A287,2006-12-05,280.0,1.6
A287,2006-12-05,320.0,2.5
A287,2006-12-05,360.0,3.7
A287,2006-12-05,400.0,6.5
A288,2006-05-10,120.0,1.0
A288,2006-05-10,160.0,0.9
A288,2006-05-10,200.0,0.9
A288,2006-05-10,240.0,1.0
A288,2006-05-10,280.0,1.3
A288,2006-05-10,320.0,2.5
A288,2006-05-10,360.0,3.5
A288,2006-05-10,400.0,7.1
A285,2005-03-31,120.0,0.8
A285,2005-03-31,160.0,0.6
A285,2005-03-31,200.0,1.0
A285,2005-03-31,240.0,1.5
A285,2005-03-31,280.0,2.2
A285,2005-03-31,320.0,4.0
A285,2005-03-31,360.0,7.3
A283,2005-03-30,160.0,0.9
A283,2005-03-30,200.0,0.8
A283,2005-03-30,240.0,0.8
A283,2005-03-30,280.0,1.1
A283,2005-03-30,320.0,1.8
A283,2005-03-30,360.0,2.8
A283,2005-03-30,400.0,4.9
A283,2005-03-30,440.0,8.1
A281,2004-01-14,120.0,0.9
A281,2004-01-14,160.0,0.8
A281,2004-01-14,200.0,1.0
A281,2004-01-14,240.0,1.2
A281,2004-01-14,280.0,1.8
A281,2004-01-14,320.0,3.4
A281,2004-01-14,360.0,6.4
A284,2005-07-21,160.0,1.0
A284,2005-07-21,200.0,0.8
A284,2005-07-21,240.0,0.9
A284,2005-07-21,280.0,0.9
A284,2005-07-21,320.0,1.5
A284,2005-07-21,360.0,2.3
A284,2005-07-21,400.0,3.7
A284,2005-07-21,440.0,6.3
A282,2006-12-20,169.0,0.8
A282,2006-12-20,200.0,0.7
A282,2006-12-20,240.0,0.7
A282,2006-12-20,280.0,1.1
A282,2006-12-20,320.0,1.9
A282,2006-12-20,360.0,3.5
A282,2006-12-20,400.0,5.5
A286,2004-12-16,120.0,1.2
A286,2004-12-16,160.0,1.0
A286,2004-12-16,200.0,1.2
A286,2004-12-16,240.0,1.5
A286,2004-12-16,280.0,2.5
A286,2004-12-16,320.0,4.3
A286,2004-12-16,360.0,6.6
A278,2006-02-07,120.0,1.1
A278,2006-02-07,160.0,1.1
A278,2006-02-07,200.0,1.1
A278,2006-02-07,240.0,1.2
A278,2006-02-07,280.0,1.5
A278,2006-02-07,320.0,2.9
A278,2006-02-07,360.0,4.5
A278,2006-02-07,400.0,10.6
A279,2005-06-23,120.0,0.9
A279,2005-06-23,160.0,0.6
A279,2005-06-23,200.0,0.6
A279,2005-06-23,240.0,1.0
A279,2005-06-23,280.0,1.5
A279,2005-06-23,320.0,2.7
A279,2005-06-23,360.0,5.8
A279,2005-06-23,380.0,9.2
A273,2005-11-16,120.0,1.0
A273,2005-11-16,160.0,1.0
A273,2005-11-16,200.0,1.3
A273,2005-11-16,240.0,1.6
A273,2005-11-16,280.0,2.4
A273,2005-11-16,320.0,5.0
A273,2005-11-16,360.0,10.1
A275,2010-03-10,120.0,0.8
A275,2010-03-10,150.0,0.8
A275,2010-03-10,180.0,0.7
A275,2010-03-10,210.0,1.0
A275,2010-03-10,240.0,1.4
A275,2010-03-10,270.0,2.0
A275,2010-03-10,300.0,3.4
A275,2010-03-10,330.0,5.1
A275,2010-03-10,360.0,9.2
A274,2009-10-20,120.0,1.0
A274,2009-10-20,150.0,0.8
A274,2009-10-20,180.0,0.7
A274,2009-10-20,210.0,0.8
A274,2009-10-20,240.0,1.3
A274,2009-10-20,270.0,2.2
A274,2009-10-20,300.0,3.9
A274,2009-10-20,330.0,6.3
A272,2006-08-09,120.0,0.9
A272,2006-08-09,160.0,0.8
A272,2006-08-09,200.0,1.2
A272,2006-08-09,240.0,1.9
A272,2006-08-09,280.0,3.4
A272,2006-08-09,320.0,7.5
A272,2006-08-09,360.0,12.0
A269,2005-05-19,120.0,0.8
A269,2005-05-19,160.0,0.6
A269,2005-05-19,200.0,0.7
A269,2005-05-19,240.0,0.9
A269,2005-05-19,280.0,1.6
A269,2005-05-19,320.0,3.8
A269,2005-05-19,360.0,6.4
A270,2006-02-01,120.0,0.8
A270,2006-02-01,160.0,1.0
A270,2006-02-01,200.0,1.2
A270,2006-02-01,240.0,1.5
A270,2006-02-01,280.0,2.9
A270,2006-02-01,320.0,5.2
A280,2005-01-07,120.0,0.9
A280,2005-01-07,160.0,0.8
A280,2005-01-07,200.0,0.8
A280,2005-01-07,240.0,1.2
A280,2005-01-07,280.0,2.0
A280,2005-01-07,320.0,3.4
A280,2005-01-07,360.0,6.2
A277,2005-10-26,120.0,0.5
A277,2005-10-26,160.0,0.6
A277,2005-10-26,200.0,0.9
A277,2005-10-26,240.0,1.6
A277,2005-10-26,280.0,2.7
A277,2005-10-26,320.0,4.9
A277,2005-10-26,360.0,10.9
A276,2004-09-23,120.0,0.6
A276,2004-09-23,160.0,0.6
A276,2004-09-23,200.0,1.0
A276,2004-09-23,240.0,1.6
A276,2004-09-23,280.0,2.8
A276,2004-09-23,320.0,4.5
A276,2004-09-23,360.0,8.6
A271,2005-01-11,120.0,0.9
A271,2005-01-11,160.0,0.7
A271,2005-01-11,200.0,1.0
A271,2005-01-11,240.0,1.4
A271,2005-01-11,280.0,2.0
A271,2005-01-11,320.0,3.0
A271,2005-01-11,360.0,6.2
A266,2005-01-12,120.0,0.9
A266,2005-01-12,160.0,0.8
A266,2005-01-12,200.0,0.8
A266,2005-01-12,240.0,0.8
A266,2005-01-12,280.0,1.0
A266,2005-01-12,320.0,1.4
A266,2005-01-12,360.0,2.1
A266,2005-01-12,400.0,4.3
A265,2005-05-19,120.0,1.2
A265,2005-05-19,140.0,1.0
A265,2005-05-19,160.0,0.9
A265,2005-05-19,180.0,1.0
A265,2005-05-19,200.0,1.2
A265,2005-05-19,220.0,1.8
A265,2005-05-19,240.0,2.5
A265,2005-05-19,260.0,4.5
A265,2005-05-19,280.0,6.7
A265,2005-05-19,300.0,11.9
A264,2005-11-01,120.0,0.9
A264,2005-11-01,140.0,0.7
A264,2005-11-01,160.0,0.9
A264,2005-11-01,180.0,0.9
A264,2005-11-01,200.0,1.0
A264,2005-11-01,220.0,1.6
A264,2005-11-01,240.0,2.3
A264,2005-11-01,260.0,4.3
A264,2005-11-01,280.0,6.4
A263,2005-02-15,120.0,1.2
A263,2005-02-15,140.0,1.3
A263,2005-02-15,160.0,1.1
A263,2005-02-15,180.0,1.0
A263,2005-02-15,200.0,1.5
A263,2005-02-15,220.0,2.1
A263,2005-02-15,240.0,3.7
A263,2005-02-15,260.0,5.1
A263,2005-02-15,280.0,8.8
A268,2006-02-14,120.0,0.5
A268,2006-02-14,160.0,0.6
A268,2006-02-14,200.0,0.5
A268,2006-02-14,240.0,0.8
A268,2006-02-14,280.0,1.3
A268,2006-02-14,320.0,2.7
A268,2006-02-14,360.0,4.9
A261,2005-12-14,120.0,1.1
A261,2005-12-14,160.0,1.1
A261,2005-12-14,200.0,1.3
A261,2005-12-14,240.0,1.9
A261,2005-12-14,280.0,3.0
A261,2005-12-14,320.0,5.0
A261,2005-12-14,360.0,8.2
A260,2005-02-08,120.0,0.7
A260,2005-02-08,160.0,1.1
A260,2005-02-08,200.0,1.2
A260,2005-02-08,240.0,1.9
A260,2005-02-08,280.0,3.2
A260,2005-02-08,320.0,4.8
A262,2006-02-09,120.0,1.1
A262,2006-02-09,160.0,0.8
A262,2006-02-09,180.0,0.6
A262,2006-02-09,200.0,0.7
A262,2006-02-09,220.0,0.8
A262,2006-02-09,240.0,1.3
A262,2006-02-09,260.0,2.6
A262,2006-02-09,280.0,4.7
A262,2006-02-09,290.0,6.8
A255,2007-08-08,120.0,1.3
A255,2007-08-08,160.0,1.2
A255,2007-08-08,200.0,1.6
A255,2007-08-08,240.0,2.3
A255,2007-08-08,280.0,3.7
A255,2007-08-08,320.0,5.7
A255,2007-08-08,340.0,8.4
A254,2007-01-24,120.0,0.8
A254,2007-01-24,160.0,0.9
A254,2007-01-24,200.0,1.2
A254,2007-01-24,240.0,2.2
A254,2007-01-24,280.0,3.7
A254,2007-01-24,320.0,8.1
A257,2007-05-15,120.0,1.3
A257,2007-05-15,160.0,1.4
A257,2007-05-15,200.0,1.5
A257,2007-05-15,240.0,1.8
A257,2007-05-15,280.0,3.0
A257,2007-05-15,320.0,4.8
A257,2007-05-15,360.0,8.1
A256,2007-04-26,120.0,0.8
A256,2007-04-26,160.0,0.9
A256,2007-04-26,200.0,1.3
A256,2007-04-26,240.0,2.4
A256,2007-04-26,280.0,3.9
A256,2007-04-26,320.0,6.5
A256,2007-04-26,360.0,13.6
A250,2007-03-13,120.0,0.9
A250,2007-03-13,140.0,1.1
A250,2007-03-13,160.0,1.2
A250,2007-03-13,180.0,1.7
A250,2007-03-13,200.0,2.8
A250,2007-03-13,220.0,4.3
A250,2007-03-13,240.0,6.5
A250,2007-03-13,260.0,8.9
A252,2008-03-12,120.0,0.8
A252,2008-03-12,160.0,0.7
A252,2008-03-12,200.0,0.9
A252,2008-03-12,240.0,1.2
A252,2008-03-12,280.0,1.7
A252,2008-03-12,320.0,3.6
A252,2008-03-12,360.0,7.6
A251,2009-04-16,120.0,0.7
A251,2009-04-16,160.0,0.9
A251,2009-04-16,200.0,1.0
A251,2009-04-16,240.0,1.4
A251,2009-04-16,280.0,2.3
A251,2009-04-16,320.0,4.4
A251,2009-04-16,360.0,6.9
A259,2005-05-21,120.0,1.0
A259,2005-05-21,160.0,1.0
A259,2005-05-21,200.0,0.8
A259,2005-05-21,240.0,1.0
A259,2005-05-21,280.0,1.7
A259,2005-05-21,320.0,3.5
A259,2005-05-21,360.0,7.8
A258,2007-02-11,120.0,0.9
A258,2007-02-11,160.0,1.1
A258,2007-02-11,200.0,1.2
A258,2007-02-11,240.0,1.9
A258,2007-02-11,280.0,3.1
A258,2007-02-11,320.0,4.9
A258,2007-02-11,360.0,8.5
A253,2008-01-22,120.0,0.8
A253,2008-01-22,160.0,1.0
A253,2008-01-22,200.0,1.4
A253,2008-01-22,240.0,2.0
A253,2008-01-22,280.0,3.0
A253,2008-01-22,320.0,4.4
A253,2008-01-22,360.0,9.4
A245,2008-04-24,120.0,1.5
A245,2008-04-24,160.0,1.5
A245,2008-04-24,200.0,1.2
A245,2008-04-24,240.0,1.4
A245,2008-04-24,280.0,1.5
A245,2008-04-24,320.0,2.7
A245,2008-04-24,360.0,5.3
A245,2008-04-24,400.0,9.8
A246,2008-11-14,120.0,1.0
A246,2008-11-14,160.0,1.1
A246,2008-11-14,200.0,0.9
A246,2008-11-14,240.0,1.5
A246,2008-11-14,280.0,2.7
A246,2008-11-14,320.0,5.1
A246,2008-11-14,360.0,8.5
A247,2008-06-19,120.0,1.2
A247,2008-06-19,140.0,1.2
A247,2008-06-19,160.0,1.1
A247,2008-06-19,180.0,1.2
A247,2008-06-19,200.0,1.7
A247,2008-06-19,220.0,3.0
A247,2008-06-19,240.0,4.7
A247,2008-06-19,260.0,6.9
A247,2008-06-19,280.0,10.6
A248,2008-02-07,120.0,1.1
A248,2008-02-07,140.0,1.1
A248,2008-02-07,160.0,1.2
A248,2008-02-07,180.0,1.7
A248,2008-02-07,200.0,2.2
A248,2008-02-07,220.0,3.2
A248,2008-02-07,240.0,4.9
A248,2008-02-07,260.0,8.4
A241,2009-04-24,120.0,0.9
A241,2009-04-24,160.0,0.9
A241,2009-04-24,200.0,0.8
A241,2009-04-24,240.0,0.8
A241,2009-04-24,280.0,1.3
A241,2009-04-24,320.0,2.2
A241,2009-04-24,360.0,3.6
A241,2009-04-24,400.0,7.2
A241,2009-04-24,440.0,11.0
A243,2000-01-28,160.0,0.9
A243,2000-01-28,200.0,0.8
A243,2000-01-28,240.0,0.9
A243,2000-01-28,280.0,1.2
A243,2000-01-28,320.0,2.1
A243,2000-01-28,360.0,3.9
A242,1999-01-28,200.0,1.5
A242,1999-01-28,240.0,1.4
A242,1999-01-28,280.0,2.2
A242,1999-01-28,320.0,3.6
A242,1999-01-28,360.0,5.9
A244,2001-01-11,160.0,1.0
A244,2001-01-11,200.0,0.8
A244,2001-01-11,240.0,0.9
A244,2001-01-11,280.0,1.2
A244,2001-01-11,320.0,2.2
A244,2001-01-11,360.0,4.9
A238,2010-01-14,120.0,1.3
A238,2010-01-14,160.0,1.2
A238,2010-01-14,200.0,1.1
A238,2010-01-14,240.0,1.3
A238,2010-01-14,280.0,1.6
A238,2010-01-14,320.0,2.7
A238,2010-01-14,360.0,4.6
A238,2010-01-14,400.0,7.3
A236,2010-10-12,120.0,1.3
A236,2010-10-12,160.0,1.1
A236,2010-10-12,200.0,1.1
A236,2010-10-12,240.0,1.2
A236,2010-10-12,280.0,2.0
A236,2010-10-12,320.0,2.9
A236,2010-10-12,360.0,5.0
A236,2010-10-12,400.0,9.0
A237,2010-04-14,120.0,1.4
A237,2010-04-14,160.0,1.2
A237,2010-04-14,200.0,1.2
A237,2010-04-14,240.0,1.3
A237,2010-04-14,280.0,1.8
A237,2010-04-14,320.0,3.1
A237,2010-04-14,360.0,5.6
A237,2010-04-14,400.0,10.2
A233,2008-02-12,120.0,1.3
A233,2008-02-12,150.0,1.7
A233,2008-02-12,180.0,2.4
A233,2008-02-12,210.0,4.0
A233,2008-02-12,240.0,6.0
A233,2008-02-12,270.0,8.6
A232,2009-06-18,120.0,1.5
A232,2009-06-18,150.0,2.0
A232,2009-06-18,180.0,2.8
A232,2009-06-18,210.0,3.9
A232,2009-06-18,240.0,6.0
A232,2009-06-18,270.0,9.5
A234,2005-10-20,120.0,1.1
A234,2005-10-20,140.0,0.9
A234,2005-10-20,160.0,0.9
A234,2005-10-20,180.0,1.0
A234,2005-10-20,200.0,1.4
A234,2005-10-20,220.0,2.3
A234,2005-10-20,240.0,4.2
A234,2005-10-20,260.0,6.3
A240,2009-01-14,120.0,1.0
A240,2009-01-14,160.0,1.0
A240,2009-01-14,200.0,1.1
A240,2009-01-14,240.0,1.0
A240,2009-01-14,280.0,1.5
A240,2009-01-14,320.0,2.3
A240,2009-01-14,360.0,4.1
A240,2009-01-14,400.0,7.3
A239,2009-01-29,120.0,1.1
A239,2009-01-29,160.0,1.0
A239,2009-01-29,200.0,0.9
A239,2009-01-29,240.0,1.3
A239,2009-01-29,280.0,2.0
A239,2009-01-29,320.0,3.6
A239,2009-01-29,360.0,6.0
A239,2009-01-29,380.0,9.3
A235,2006-02-14,120.0,1.1
A235,2006-02-14,140.0,0.7
A235,2006-02-14,160.0,0.6
A235,2006-02-14,180.0,0.6
A235,2006-02-14,200.0,0.8
A235,2006-02-14,220.0,1.4
A235,2006-02-14,240.0,2.3
A235,2006-02-14,260.0,3.6
A235,2006-02-14,280.0,7.2
A3060,2013-01-22,120.0,1.0
A3060,2013-01-22,150.0,0.9
A3060,2013-01-22,180.0,1.0
A3060,2013-01-22,210.0,1.3
A3060,2013-01-22,240.0,1.9
A3060,2013-01-22,270.0,2.9
A3060,2013-01-22,300.0,3.8
A3060,2013-01-22,330.0,5.3
A3060,2013-01-22,360.0,7.7
A3056,2013-02-13,100.0,1.1
A3056,2013-02-13,120.0,1.0
A3056,2013-02-13,140.0,1.2
A3056,2013-02-13,160.0,1.0
A3056,2013-02-13,180.0,0.9
A3056,2013-02-13,200.0,1.3
A3056,2013-02-13,220.0,1.9
A3056,2013-02-13,240.0,2.7
A3056,2013-02-13,260.0,3.8
A3056,2013-02-13,280.0,5.6
A3053,2013-02-15,120.0,1.2
A3053,2013-02-15,150.0,1.4
A3053,2013-02-15,180.0,1.6
A3053,2013-02-15,210.0,1.7
A3053,2013-02-15,240.0,2.5
A3053,2013-02-15,270.0,3.6
A3053,2013-02-15,300.0,5.2
A3052,2013-01-15,120.0,1.1
A3052,2013-01-15,150.0,1.0
A3052,2013-01-15,180.0,0.9
A3052,2013-01-15,210.0,1.0
A3052,2013-01-15,240.0,1.1
A3052,2013-01-15,270.0,1.6
A3052,2013-01-15,300.0,2.6
A3052,2013-01-15,330.0,4.0
A3052,2013-01-15,360.0,6.9
A3057,2013-12-02,120.0,2.2
A3057,2013-12-02,150.0,2.7
A3057,2013-12-02,180.0,3.0
A3057,2013-12-02,210.0,3.6
A3057,2013-12-02,240.0,4.3
A3057,2013-12-02,270.0,5.0
A3057,2013-12-02,300.0,6.3
A3057,2013-12-02,330.0,8.4
A3049,2013-02-19,120.0,1.1
A3049,2013-02-19,150.0,1.0
A3049,2013-02-19,180.0,1.2
A3049,2013-02-19,210.0,1.6
A3049,2013-02-19,240.0,2.3
A3049,2013-02-19,270.0,3.7
A3049,2013-02-19,300.0,5.1
A3049,2013-02-19,330.0,7.8
A3051,2013-02-18,120.0,1.5
A3051,2013-02-18,150.0,1.5
A3051,2013-02-18,180.0,1.7
A3051,2013-02-18,210.0,2.0
A3051,2013-02-18,240.0,2.5
A3051,2013-02-18,270.0,3.0
A3051,2013-02-18,300.0,4.2
A3051,2013-02-18,330.0,5.4
A3051,2013-02-18,360.0,7.6
A3043,2012-08-30,120.0,1.0
A3043,2012-08-30,150.0,1.2
A3043,2012-08-30,180.0,1.3
A3043,2012-08-30,210.0,1.9
A3043,2012-08-30,240.0,2.4
A3043,2012-08-30,270.0,3.5
A3043,2012-08-30,300.0,4.7
A3043,2012-08-30,330.0,6.4
A3045,2013-01-25,120.0,1.0
A3045,2013-01-25,150.0,1.1
A3045,2013-01-25,180.0,1.3
A3045,2013-01-25,210.0,1.4
A3045,2013-01-25,240.0,2.4
A3045,2013-01-25,270.0,3.7
A3045,2013-01-25,300.0,5.5
A3045,2013-01-25,330.0,7.6
A3041,2013-03-27,120.0,0.8
A3041,2013-03-27,150.0,0.6
A3041,2013-03-27,180.0,0.6
A3041,2013-03-27,210.0,0.7
A3041,2013-03-27,240.0,0.9
A3041,2013-03-27,270.0,1.4
A3041,2013-03-27,300.0,2.1
A3041,2013-03-27,330.0,3.7
A3041,2013-03-27,360.0,6.4
A3041,2013-03-27,375.0,9.8
A3031,2012-12-18,120.0,0.9
A3031,2012-12-18,150.0,1.0
A3031,2012-12-18,180.0,1.0
A3031,2012-12-18,210.0,1.2
A3031,2012-12-18,240.0,1.8
A3031,2012-12-18,270.0,2.7
A3031,2012-12-18,300.0,5.1
A3031,2012-12-18,330.0,7.8
A3037,2013-06-03,120.0,1.4
A3037,2013-06-03,150.0,1.3
A3037,2013-06-03,180.0,1.3
A3037,2013-06-03,210.0,1.4
A3037,2013-06-03,240.0,1.4
A3037,2013-06-03,270.0,1.8
A3037,2013-06-03,300.0,2.7
A3037,2013-06-03,330.0,4.0
A3037,2013-06-03,360.0,5.4
A3037,2013-06-03,390.0,7.1
A3032,2012-10-30,100.0,1.3
A3032,2012-10-30,120.0,1.1
A3032,2012-10-30,140.0,1.0
A3032,2012-10-30,160.0,1.2
A3032,2012-10-30,180.0,1.8
A3032,2012-10-30,200.0,2.5
A3032,2012-10-30,220.0,3.6
A3036,2012-06-25,120.0,1.4
A3036,2012-06-25,150.0,1.5
A3036,2012-06-25,180.0,1.3
A3036,2012-06-25,210.0,1.3
A3036,2012-06-25,240.0,1.5
A3036,2012-06-25,270.0,2.0
A3036,2012-06-25,300.0,2.9
A3036,2012-06-25,330.0,4.5
A3036,2012-06-25,360.0,7.4
A3039,2013-05-03,120.0,0.8
A3039,2013-05-03,140.0,0.9
A3039,2013-05-03,160.0,1.0
A3039,2013-05-03,180.0,1.1
A3039,2013-05-03,200.0,1.4
A3039,2013-05-03,220.0,2.0
A3039,2013-05-03,240.0,2.9
A3039,2013-05-03,260.0,4.4
A3039,2013-05-03,280.0,6.6
A3039,2013-05-03,300.0,9.2
A3027,2012-11-26,100.0,0.9
A3027,2012-11-26,120.0,0.9
A3027,2012-11-26,140.0,0.9
A3027,2012-11-26,160.0,0.8
A3027,2012-11-26,180.0,1.1
A3027,2012-11-26,200.0,1.6
A3027,2012-11-26,220.0,2.7
A3027,2012-11-26,240.0,3.7
A3027,2012-11-26,260.0,5.7
A3027,2012-11-26,280.0,8.1
A3023,2012-05-11,100.0,1.2
A3023,2012-05-11,120.0,1.2
A3023,2012-05-11,140.0,1.6
A3023,2012-05-11,160.0,2.1
A3023,2012-05-11,180.0,3.0
A3023,2012-05-11,200.0,4.5
A3023,2012-05-11,220.0,6.3
A3022,2012-05-11,100.0,0.9
A3022,2012-05-11,120.0,0.9
A3022,2012-05-11,140.0,0.8
A3022,2012-05-11,160.0,1.0
A3022,2012-05-11,180.0,1.4
A3022,2012-05-11,200.0,1.8
A3022,2012-05-11,220.0,2.7
A3022,2012-05-11,240.0,4.2
A3022,2012-05-11,260.0,5.2
A3019,2012-12-17,120.0,1.0
A3019,2012-12-17,160.0,0.8
A3019,2012-12-17,200.0,0.8
A3019,2012-12-17,240.0,0.8
A3019,2012-12-17,280.0,1.4
A3019,2012-12-17,320.0,1.9
A3019,2012-12-17,360.0,2.9
A3019,2012-12-17,400.0,4.7
A3018,2012-11-12,120.0,1.1
A3018,2012-11-12,150.0,1.4
A3018,2012-11-12,180.0,1.5
A3018,2012-11-12,210.0,1.8
A3018,2012-11-12,240.0,2.6
A3018,2012-11-12,270.0,5.0
A3018,2012-11-12,300.0,8.7
A3024,2012-07-17,120.0,1.0
A3024,2012-07-17,150.0,1.0
A3024,2012-07-17,180.0,1.2
A3024,2012-07-17,210.0,1.5
A3024,2012-07-17,240.0,2.2
A3024,2012-07-17,270.0,3.0
A3024,2012-07-17,300.0,5.1
A3024,2012-07-17,330.0,7.1
A3024,2012-07-17,340.0,8.0
A3020,2012-12-19,120.0,1.2
A3020,2012-12-19,150.0,1.1
A3020,2012-12-19,180.0,1.0
A3020,2012-12-19,210.0,1.1
A3020,2012-12-19,240.0,1.4
A3020,2012-12-19,270.0,2.3
A3020,2012-12-19,300.0,4.0
A3020,2012-12-19,330.0,5.7
A3020,2012-12-19,360.0,8.9
A3013,2012-01-11,100.0,1.1
A3013,2012-01-11,120.0,1.3
A3013,2012-01-11,140.0,1.3
A3013,2012-01-11,160.0,1.2
A3013,2012-01-11,180.0,1.4
A3013,2012-01-11,200.0,1.8
A3013,2012-01-11,220.0,2.4
A3013,2012-01-11,240.0,3.1
A3013,2012-01-11,260.0,4.4
A3013,2012-01-11,280.0,6.5
A3013,2012-01-11,300.0,9.8
A3012,2012-09-10,100.0,1.4
A3012,2012-09-10,120.0,1.2
A3012,2012-09-10,140.0,1.4
A3012,2012-09-10,160.0,2.0
A3012,2012-09-10,180.0,3.4
A3012,2012-09-10,200.0,6.3
A3014,2012-12-17,120.0,1.2
A3014,2012-12-17,150.0,1.3
A3014,2012-12-17,180.0,1.8
A3014,2012-12-17,210.0,2.7
A3014,2012-12-17,240.0,3.9
A3014,2012-12-17,270.0,5.6
A3011,2012-06-06,120.0,0.7
A3011,2012-06-06,150.0,0.6
A3011,2012-06-06,180.0,0.8
A3011,2012-06-06,210.0,1.2
A3011,2012-06-06,240.0,1.9
A3011,2012-06-06,270.0,3.9
A3011,2012-06-06,300.0,5.9
A3009,2012-09-18,120.0,1.2
A3009,2012-09-18,150.0,1.0
A3009,2012-09-18,180.0,0.9
A3009,2012-09-18,210.0,0.9
A3009,2012-09-18,240.0,1.1
A3009,2012-09-18,270.0,1.3
A3009,2012-09-18,300.0,1.6
A3009,2012-09-18,330.0,2.4
A3009,2012-09-18,360.0,3.3
A3009,2012-09-18,390.0,4.8
A3008,2013-01-30,120.0,0.8
A3008,2013-01-30,150.0,0.8
A3008,2013-01-30,180.0,0.9
A3008,2013-01-30,210.0,1.1
A3008,2013-01-30,240.0,1.6
A3008,2013-01-30,270.0,2.5
A3008,2013-01-30,300.0,4.5
A3008,2013-01-30,330.0,7.2
A3005,2013-07-02,100.0,0.7
A3005,2013-07-02,120.0,0.6
A3005,2013-07-02,140.0,0.8
A3005,2013-07-02,160.0,0.9
A3005,2013-07-02,180.0,1.5
A3005,2013-07-02,200.0,2.3
A3005,2013-07-02,220.0,3.3
A3005,2013-07-02,240.0,4.5
A3005,2013-07-02,260.0,6.2
A3005,2013-07-02,280.0,7.8
A3003,2013-08-01,120.0,1.1
A3003,2013-08-01,150.0,1.3
A3003,2013-08-01,180.0,1.5
A3003,2013-08-01,210.0,2.1
A3003,2013-08-01,240.0,3.3
A3003,2013-08-01,270.0,5.6
A3003,2013-08-01,300.0,8.9
A3010,2013-09-28,120.0,1.3
A3010,2013-09-28,150.0,1.3
A3010,2013-09-28,180.0,1.2
A3010,2013-09-28,210.0,1.6
A3010,2013-09-28,240.0,2.1
A3010,2013-09-28,270.0,3.1
A3010,2013-09-28,300.0,5.6
A3001,2013-08-03,100.0,0.8
A3001,2013-08-03,120.0,0.8
A3001,2013-08-03,140.0,0.8
A3001,2013-08-03,160.0,1.0
A3001,2013-08-03,180.0,1.4
A3001,2013-08-03,200.0,2.0
A3001,2013-08-03,220.0,2.9
A3001,2013-08-03,240.0,4.6
A3001,2013-08-03,260.0,7.3
A3001,2013-08-03,270.0,9.1
A3000,2012-07-12,100.0,0.9
A3000,2012-07-12,120.0,0.9
A3000,2012-07-12,140.0,0.8
A3000,2012-07-12,160.0,1.0
A3000,2012-07-12,180.0,1.2
A3000,2012-07-12,200.0,1.9
A3000,2012-07-12,220.0,3.0
A3000,2012-07-12,240.0,4.7
A3000,2012-07-12,260.0,7.2
A3002,2012-02-28,120.0,1.1
A3002,2012-02-28,140.0,1.1
A3002,2012-02-28,160.0,1.1
A3002,2012-02-28,180.0,1.2
A3002,2012-02-28,200.0,1.7
A3002,2012-02-28,220.0,2.3
A3002,2012-02-28,240.0,3.9
A3002,2012-02-28,260.0,5.4
A3002,2012-02-28,280.0,7.9
A297,2007-11-22,120.0,1.0
A297,2007-11-22,160.0,1.1
A297,2007-11-22,200.0,1.0
A297,2007-11-22,240.0,1.1
A297,2007-11-22,280.0,1.7
A297,2007-11-22,320.0,3.1
A297,2007-11-22,360.0,6.0
A296,2007-03-27,120.0,1.2
A296,2007-03-27,160.0,1.0
A296,2007-03-27,200.0,0.9
A296,2007-03-27,240.0,1.0
A296,2007-03-27,280.0,1.2
A296,2007-03-27,320.0,2.2
A296,2007-03-27,360.0,4.8
A298,2003-04-09,120.0,1.0
A298,2003-04-09,160.0,0.6
A298,2003-04-09,200.0,0.9
A298,2003-04-09,240.0,1.1
A298,2003-04-09,280.0,1.9
A298,2003-04-09,320.0,3.2
A298,2003-04-09,360.0,6.9
A3072,2013-04-03,120.0,1.0
A3072,2013-04-03,150.0,1.1
A3072,2013-04-03,180.0,1.3
A3072,2013-04-03,210.0,1.6
A3072,2013-04-03,240.0,1.9
A3072,2013-04-03,270.0,2.8
A3072,2013-04-03,300.0,3.8
A3072,2013-04-03,330.0,5.4
A3071,2012-12-27,100.0,1.2
A3071,2012-12-27,120.0,1.0
A3071,2012-12-27,140.0,1.1
A3071,2012-12-27,160.0,1.4
A3071,2012-12-27,180.0,1.7
A3071,2012-12-27,200.0,3.4
A3071,2012-12-27,220.0,5.9
A3071,2012-12-27,240.0,9.3
A3063,2013-02-20,120.0,1.0
A3063,2013-02-20,150.0,0.8
A3063,2013-02-20,180.0,0.9
A3063,2013-02-20,210.0,1.0
A3063,2013-02-20,240.0,1.0
A3063,2013-02-20,270.0,1.4
A3063,2013-02-20,300.0,1.8
A3063,2013-02-20,330.0,2.7
A3063,2013-02-20,360.0,3.8
A3063,2013-02-20,390.0,4.9
A3062,2013-02-18,120.0,1.1
A3062,2013-02-18,150.0,1.0
A3062,2013-02-18,180.0,1.1
A3062,2013-02-18,210.0,1.4
A3062,2013-02-18,240.0,2.2
A3062,2013-02-18,270.0,3.4
A3062,2013-02-18,300.0,5.2
A3062,2013-02-18,330.0,7.3
A3066,2012-07-11,120.0,0.7
A3066,2012-07-11,150.0,0.6
A3066,2012-07-11,180.0,0.8
A3066,2012-07-11,210.0,0.9
A3066,2012-07-11,240.0,1.3
A3066,2012-07-11,270.0,2.1
A3066,2012-07-11,300.0,3.5
A3066,2012-07-11,330.0,6.0
A3059,2013-02-26,120.0,0.9
A3059,2013-02-26,140.0,0.8
A3059,2013-02-26,160.0,0.9
A3059,2013-02-26,180.0,1.0
A3059,2013-02-26,200.0,0.9
A3059,2013-02-26,220.0,0.8
A3059,2013-02-26,240.0,1.3
A3059,2013-02-26,260.0,1.9
A3059,2013-02-26,280.0,2.4
A3059,2013-02-26,300.0,3.1
A3059,2013-02-26,320.0,4.7
A3058,2013-02-13,120.0,1.6
A3058,2013-02-13,150.0,1.4
A3058,2013-02-13,180.0,1.6
A3058,2013-02-13,210.0,1.8
A3058,2013-02-13,240.0,2.5
A3058,2013-02-13,270.0,3.1
A3058,2013-02-13,300.0,4.8
A3058,2013-02-13,330.0,6.9
A549,2008-01-17,120.0,1.3
A549,2008-01-17,160.0,1.1
A549,2008-01-17,200.0,1.3
A549,2008-01-17,240.0,2.1
A549,2008-01-17,280.0,3.6
A549,2008-01-17,320.0,5.6
A549,2008-01-17,360.0,10.1
A544,2008-10-21,120.0,1.1
A544,2008-10-21,160.0,0.8
A544,2008-10-21,200.0,0.8
A544,2008-10-21,240.0,1.1
A544,2008-10-21,280.0,1.4
A544,2008-10-21,320.0,1.9
A544,2008-10-21,360.0,3.2
A544,2008-10-21,400.0,5.4
A544,2008-10-21,420.0,8.0
A548,2007-01-18,120.0,1.3
A548,2007-01-18,160.0,1.5
A548,2007-01-18,200.0,1.4
A548,2007-01-18,240.0,1.8
A548,2007-01-18,280.0,3.0
A548,2007-01-18,320.0,5.2
A548,2007-01-18,360.0,8.4
A546,2005-11-03,120.0,0.9
A546,2005-11-03,160.0,1.2
A546,2005-11-03,200.0,1.5
A546,2005-11-03,240.0,2.3
A546,2005-11-03,280.0,3.6
A546,2005-11-03,320.0,5.2
A546,2005-11-03,360.0,9.6
A545,2005-11-10,120.0,0.9
A545,2005-11-10,160.0,0.9
A545,2005-11-10,200.0,0.9
A545,2005-11-10,240.0,1.3
A545,2005-11-10,280.0,1.7
A545,2005-11-10,320.0,2.8
A545,2005-11-10,360.0,4.7
A545,2005-11-10,400.0,7.3
A540,2007-02-27,100.0,0.9
A540,2007-02-27,120.0,0.8
A540,2007-02-27,140.0,1.0
A540,2007-02-27,160.0,2.2
A540,2007-02-27,180.0,3.3
A540,2007-02-27,200.0,4.7
A542,2007-01-24,120.0,1.1
A542,2007-01-24,160.0,1.4
A542,2007-01-24,200.0,2.0
A542,2007-01-24,240.0,3.3
A542,2007-01-24,280.0,5.7
A542,2007-01-24,320.0,10.9
A541,2006-11-16,100.0,1.1
A541,2006-11-16,120.0,1.3
A541,2006-11-16,140.0,1.5
A541,2006-11-16,160.0,2.3
A541,2006-11-16,180.0,3.2
A541,2006-11-16,200.0,4.8
A541,2006-11-16,220.0,7.2
A541,2006-11-16,240.0,11.4
A543,2009-10-29,120.0,0.7
A543,2009-10-29,160.0,0.7
A543,2009-10-29,200.0,0.9
A543,2009-10-29,240.0,0.9
A543,2009-10-29,280.0,1.2
A543,2009-10-29,320.0,2.0
A543,2009-10-29,360.0,3.3
A543,2009-10-29,400.0,6.3
A536,2009-02-12,120.0,0.8
A536,2009-02-12,160.0,0.7
A536,2009-02-12,200.0,1.0
A536,2009-02-12,240.0,0.9
A536,2009-02-12,280.0,1.6
A536,2009-02-12,320.0,2.6
A536,2009-02-12,360.0,5.6
A536,2009-02-12,380.0,9.3
A537,2006-01-11,120.0,0.8
A537,2006-01-11,160.0,0.6
A537,2006-01-11,200.0,1.6
A537,2006-01-11,240.0,2.5
A537,2006-01-11,280.0,4.7
A537,2006-01-11,320.0,8.0
A535,2009-02-12,120.0,1.0
A535,2009-02-12,160.0,0.9
A535,2009-02-12,200.0,1.1
A535,2009-02-12,240.0,1.4
A535,2009-02-12,280.0,2.4
A535,2009-02-12,320.0,3.5
A535,2009-02-12,360.0,6.2
A538,2009-01-27,120.0,0.9
A538,2009-01-27,160.0,0.9
A538,2009-01-27,200.0,0.9
A538,2009-01-27,240.0,1.2
A538,2009-01-27,280.0,1.8
A538,2009-01-27,320.0,2.7
A538,2009-01-27,360.0,5.6
A532,2005-11-01,120.0,0.6
A532,2005-11-01,160.0,0.5
A532,2005-11-01,200.0,0.5
A532,2005-11-01,240.0,0.9
A532,2005-11-01,280.0,1.4
A532,2005-11-01,320.0,2.4
A532,2005-11-01,360.0,4.3
A531,2009-12-04,120.0,1.3
A531,2009-12-04,150.0,1.4
A531,2009-12-04,180.0,1.3
A531,2009-12-04,210.0,1.3
A531,2009-12-04,240.0,1.6
A531,2009-12-04,270.0,2.3
A531,2009-12-04,300.0,3.4
A531,2009-12-04,330.0,5.1
A531,2009-12-04,360.0,7.0
A533,2006-12-06,120.0,0.9
A533,2006-12-06,160.0,0.9
A533,2006-12-06,200.0,1.8
A533,2006-12-06,240.0,2.6
A533,2006-12-06,280.0,5.4
A533,2006-12-06,320.0,9.0
A539,2005-11-03,120.0,0.7
A539,2005-11-03,160.0,0.9
A539,2005-11-03,200.0,1.3
A539,2005-11-03,240.0,2.5
A539,2005-11-03,280.0,5.4
A539,2005-11-03,320.0,9.0
A534,2007-01-18,120.0,0.9
A534,2007-01-18,160.0,0.9
A534,2007-01-18,200.0,1.0
A534,2007-01-18,240.0,1.4
A534,2007-01-18,280.0,2.5
A534,2007-01-18,320.0,4.7
A534,2007-01-18,360.0,9.1
A526,2003-01-30,120.0,1.2
A526,2003-01-30,160.0,1.0
A526,2003-01-30,200.0,0.8
A526,2003-01-30,240.0,1.1
A526,2003-01-30,280.0,1.9
A526,2003-01-30,320.0,4.3
A526,2003-01-30,360.0,7.4
A527,2002-09-18,120.0,0.5
A527,2002-09-18,160.0,0.4
A527,2002-09-18,200.0,0.5
A527,2002-09-18,240.0,0.7
A527,2002-09-18,280.0,1.6
A527,2002-09-18,320.0,3.4
A527,2002-09-18,360.0,8.1
A528,2007-07-05,100.0,1.2
A528,2007-07-05,120.0,1.5
A528,2007-07-05,140.0,2.3
A528,2007-07-05,160.0,3.5
A528,2007-07-05,180.0,5.0
A528,2007-07-05,200.0,6.7
A528,2007-07-05,220.0,11.3
A529,2006-10-25,100.0,1.7
A529,2006-10-25,120.0,2.0
A529,2006-10-25,140.0,3.2
A529,2006-10-25,160.0,4.3
A529,2006-10-25,180.0,5.6
A529,2006-10-25,200.0,9.6
A530,2009-03-19,120.0,1.1
A530,2009-03-19,150.0,0.9
A530,2009-03-19,180.0,1.3
A530,2009-03-19,210.0,1.2
A530,2009-03-19,240.0,1.5
A530,2009-03-19,270.0,1.9
A530,2009-03-19,300.0,4.0
A530,2009-03-19,330.0,6.1
A524,2004-06-02,120.0,0.6
A524,2004-06-02,160.0,0.6
A524,2004-06-02,200.0,0.7
A524,2004-06-02,240.0,0.7
A524,2004-06-02,280.0,1.4
A524,2004-06-02,320.0,3.0
A524,2004-06-02,360.0,5.7
A522,2007-03-16,120.0,0.8
A522,2007-03-16,160.0,0.5
A522,2007-03-16,200.0,0.6
A522,2007-03-16,240.0,0.7
A522,2007-03-16,280.0,1.7
A522,2007-03-16,320.0,3.7
A522,2007-03-16,348.0,6.8
A523,2006-06-10,120.0,0.9
A523,2006-06-10,160.0,0.9
A523,2006-06-10,200.0,0.9
A523,2006-06-10,240.0,0.9
A523,2006-06-10,280.0,1.7
A523,2006-06-10,320.0,3.2
A523,2006-06-10,360.0,6.5
A525,2004-02-11,120.0,0.9
A525,2004-02-11,160.0,0.8
A525,2004-02-11,200.0,0.9
A525,2004-02-11,240.0,0.9
A525,2004-02-11,280.0,1.7
A525,2004-02-11,320.0,3.1
A525,2004-02-11,360.0,7.1
A518,2000-03-15,120.0,0.9
A518,2000-03-15,160.0,0.7
A518,2000-03-15,200.0,0.8
A518,2000-03-15,240.0,1.2
A518,2000-03-15,280.0,2.9
A518,2000-03-15,320.0,5.3
A518,2000-03-15,360.0,8.8
A517,2001-04-24,120.0,1.3
A517,2001-04-24,160.0,1.1
A517,2001-04-24,200.0,1.1
A517,2001-04-24,240.0,1.5
A517,2001-04-24,280.0,2.3
A517,2001-04-24,320.0,3.8
A517,2001-04-24,360.0,7.4
A519,2000-10-04,120.0,0.7
A519,2000-10-04,160.0,0.8
A519,2000-10-04,200.0,1.3
A519,2000-10-04,240.0,1.6
A519,2000-10-04,260.0,2.7
A519,2000-10-04,320.0,6.1
A513,2005-01-18,120.0,1.0
A513,2005-01-18,160.0,0.8
A513,2005-01-18,200.0,1.1
A513,2005-01-18,240.0,1.5
A513,2005-01-18,280.0,2.2
A513,2005-01-18,320.0,3.6
A513,2005-01-18,360.0,8.1
A514,2002-01-21,120.0,1.4
A514,2002-01-21,160.0,1.3
A514,2002-01-21,180.0,1.8
A514,2002-01-21,200.0,2.6
A514,2002-01-21,220.0,4.3
A514,2002-01-21,240.0,7.3
A514,2002-01-21,260.0,14.0
A521,2008-06-18,120.0,0.8
A521,2008-06-18,160.0,0.6
A521,2008-06-18,200.0,0.6
A521,2008-06-18,240.0,0.9
A521,2008-06-18,280.0,1.6
A521,2008-06-18,320.0,2.8
A521,2008-06-18,360.0,5.4
A521,2008-06-18,380.0,7.3
A520,1999-07-20,120.0,1.3
A520,1999-07-20,160.0,1.3
A520,1999-07-20,200.0,2.0
A520,1999-07-20,240.0,2.2
A520,1999-07-20,280.0,3.5
A520,1999-07-20,320.0,7.7
A516,1999-04-29,120.0,1.1
A516,1999-04-29,160.0,1.3
A516,1999-04-29,180.0,2.0
A516,1999-04-29,200.0,3.2
A516,1999-04-29,220.0,4.7
A511,2006-11-21,120.0,0.8
A511,2006-11-21,160.0,0.8
A511,2006-11-21,200.0,0.9
A511,2006-11-21,240.0,1.0
A511,2006-11-21,280.0,1.6
A511,2006-11-21,320.0,2.6
A511,2006-11-21,360.0,5.2
A511,2006-11-21,390.0,9.3
A508,2007-04-18,120.0,1.0
A508,2007-04-18,140.0,1.0
A508,2007-04-18,160.0,0.8
A508,2007-04-18,180.0,0.8
A508,2007-04-18,200.0,0.9
A508,2007-04-18,220.0,1.4
A508,2007-04-18,240.0,2.2
A508,2007-04-18,260.0,3.2
A508,2007-04-18,280.0,5.6
A508,2007-04-18,300.0,8.5
A509,2006-10-10,120.0,0.9
A509,2006-10-10,140.0,0.7
A509,2006-10-10,160.0,0.7
A509,2006-10-10,180.0,1.0
A509,2006-10-10,200.0,1.1
A509,2006-10-10,220.0,1.3
A509,2006-10-10,240.0,2.0
A509,2006-10-10,260.0,3.1
A509,2006-10-10,280.0,5.8
A510,2005-01-12,120.0,0.9
A510,2005-01-12,140.0,0.7
A510,2005-01-12,160.0,0.8
A510,2005-01-12,180.0,0.9
A510,2005-01-12,200.0,1.2
A510,2005-01-12,220.0,1.9
A510,2005-01-12,240.0,2.8
A510,2005-01-12,260.0,5.3
A510,2005-01-12,280.0,7.6
A512,2005-11-02,120.0,0.9
A512,2005-11-02,160.0,1.0
A512,2005-11-02,200.0,0.9
A512,2005-11-02,240.0,1.3
A512,2005-11-02,280.0,1.9
A512,2005-11-02,320.0,3.3
A512,2005-11-02,360.0,5.6
A504,2003-06-10,120.0,0.7
A504,2003-06-10,160.0,0.8
A504,2003-06-10,200.0,1.0
A504,2003-06-10,240.0,2.2
A504,2003-06-10,280.0,3.4
A504,2003-06-10,320.0,6.5
A506,2004-11-26,120.0,0.8
A506,2004-11-26,160.0,0.7
A506,2004-11-26,200.0,0.8
A506,2004-11-26,240.0,1.5
A506,2004-11-26,280.0,2.3
A506,2004-11-26,320.0,3.0
A506,2004-11-26,360.0,4.7
A506,2004-11-26,400.0,7.0
A505,2005-02-23,120.0,1.4
A505,2005-02-23,160.0,1.1
A505,2005-02-23,200.0,1.3
A505,2005-02-23,240.0,1.6
A505,2005-02-23,280.0,2.0
A505,2005-02-23,320.0,3.4
A505,2005-02-23,360.0,5.1
A505,2005-02-23,400.0,8.2
A507,2007-11-05,100.0,1.1
A507,2007-11-05,120.0,1.1
A507,2007-11-05,140.0,0.8
A507,2007-11-05,160.0,0.8
A507,2007-11-05,180.0,1.2
A507,2007-11-05,200.0,1.6
A507,2007-11-05,220.0,2.3
A507,2007-11-05,240.0,3.0
A507,2007-11-05,260.0,4.2
A507,2007-11-05,280.0,6.3
A502,2005-06-14,120.0,0.8
A502,2005-06-14,160.0,0.8
A502,2005-06-14,200.0,0.7
A502,2005-06-14,240.0,1.0
A502,2005-06-14,280.0,1.4
A502,2005-06-14,320.0,2.1
A502,2005-06-14,360.0,4.5
A501,2004-04-13,120.0,0.7
A501,2004-04-13,160.0,0.5
A501,2004-04-13,200.0,0.8
A501,2004-04-13,240.0,1.1
A501,2004-04-13,280.0,2.3
A501,2004-04-13,320.0,4.2
A500,2008-04-14,120.0,0.6
A500,2008-04-14,160.0,0.5
A500,2008-04-14,200.0,0.5
A500,2008-04-14,240.0,0.8
A500,2008-04-14,280.0,1.3
A500,2008-04-14,320.0,2.3
A500,2008-04-14,360.0,5.4
A503,2004-08-05,120.0,0.7
A503,2004-08-05,160.0,0.7
A503,2004-08-05,200.0,0.7
A503,2004-08-05,240.0,1.0
A503,2004-08-05,280.0,2.2
A503,2004-08-05,320.0,3.4
A503,2004-08-05,360.0,7.1
A4001,2013-04-06,100.0,0.6
A4001,2013-04-06,120.0,0.5
A4001,2013-04-06,140.0,0.7
A4001,2013-04-06,160.0,1.2
A4001,2013-04-06,180.0,1.8
A4001,2013-04-06,200.0,3.1
A4001,2013-04-06,220.0,4.5
A4001,2013-04-06,240.0,6.0
A4001,2013-04-06,250.0,9.1
A4000,2013-04-03,80.0,0.6
A4000,2013-04-03,100.0,0.4
A4000,2013-04-03,120.0,0.6
A4000,2013-04-03,140.0,0.9
A4000,2013-04-03,160.0,1.4
A4000,2013-04-03,180.0,2.4
A4000,2013-04-03,200.0,3.7
A4000,2013-04-03,220.0,5.6
A4000,2013-04-03,240.0,9.4
A599,2008-10-28,120.0,0.7
A599,2008-10-28,160.0,0.9
A599,2008-10-28,200.0,1.2
A599,2008-10-28,240.0,1.5
A599,2008-10-28,280.0,2.4
A599,2008-10-28,320.0,3.9
A599,2008-10-28,360.0,5.8
A599,2008-10-28,400.0,10.4
A600,2008-11-18,120.0,1.4
A600,2008-11-18,160.0,1.6
A600,2008-11-18,200.0,1.8
A600,2008-11-18,240.0,2.6
A600,2008-11-18,280.0,4.3
A600,2008-11-18,320.0,6.9
A600,2008-11-18,360.0,9.6
A596,2004-05-26,120.0,0.9
A596,2004-05-26,160.0,0.7
A596,2004-05-26,200.0,0.8
A596,2004-05-26,240.0,0.8
A596,2004-05-26,280.0,1.2
A596,2004-05-26,320.0,2.0
A596,2004-05-26,360.0,3.5
A596,2004-05-26,400.0,6.5
A597,2006-04-18,120.0,1.0
A597,2006-04-18,160.0,1.1
A597,2006-04-18,200.0,1.0
A597,2006-04-18,240.0,1.2
A597,2006-04-18,280.0,2.1
A597,2006-04-18,320.0,3.5
A597,2006-04-18,360.0,8.0
A595,2006-01-12,120.0,0.8
A595,2006-01-12,160.0,0.9
A595,2006-01-12,200.0,0.9
A595,2006-01-12,240.0,1.4
A595,2006-01-12,280.0,2.1
A595,2006-01-12,320.0,3.0
A595,2006-01-12,360.0,4.7
A595,2006-01-12,400.0,8.9
A598,2008-02-11,120.0,1.1
A598,2008-02-11,160.0,1.2
A598,2008-02-11,200.0,1.3
A598,2008-02-11,240.0,1.6
A598,2008-02-11,280.0,1.8
A598,2008-02-11,320.0,2.5
A598,2008-02-11,360.0,4.2
A598,2008-02-11,400.0,7.4
A593,2008-05-26,120.0,1.1
A593,2008-05-26,140.0,1.1
A593,2008-05-26,160.0,1.2
A593,2008-05-26,180.0,1.3
A593,2008-05-26,200.0,1.4
A593,2008-05-26,220.0,2.5
A593,2008-05-26,240.0,3.4
A593,2008-05-26,260.0,5.1
A593,2008-05-26,280.0,7.3
A592,2007-06-28,120.0,1.0
A592,2007-06-28,150.0,1.0
A592,2007-06-28,180.0,1.3
A592,2007-06-28,210.0,1.5
A592,2007-06-28,240.0,2.6
A592,2007-06-28,270.0,4.0
A592,2007-06-28,300.0,5.9
A592,2007-06-28,330.0,10.2
A591,2008-10-08,120.0,1.2
A591,2008-10-08,150.0,1.3
A591,2008-10-08,180.0,1.6
A591,2008-10-08,210.0,2.0
A591,2008-10-08,240.0,2.9
A591,2008-10-08,270.0,3.8
A591,2008-10-08,300.0,5.7
A591,2008-10-08,330.0,7.3
A591,2008-10-08,360.0,10.7
A590,2005-11-16,120.0,0.6
A590,2005-11-16,160.0,0.5
A590,2005-11-16,200.0,0.4
A590,2005-11-16,240.0,0.5
A590,2005-11-16,280.0,0.7
A590,2005-11-16,320.0,1.5
A590,2005-11-16,360.0,2.5
A590,2005-11-16,400.0,4.2
A590,2005-11-16,440.0,8.8
A594,2004-12-08,120.0,1.0
A594,2004-12-08,160.0,0.8
A594,2004-12-08,200.0,0.9
A594,2004-12-08,240.0,1.0
A594,2004-12-08,280.0,1.9
A594,2004-12-08,320.0,3.5
A594,2004-12-08,360.0,7.4
A588,2007-10-16,120.0,1.0
A588,2007-10-16,160.0,1.3
A588,2007-10-16,200.0,1.9
A588,2007-10-16,240.0,2.7
A588,2007-10-16,280.0,5.1
A588,2007-10-16,320.0,12.1
A586,2004-04-01,120.0,0.9
A586,2004-04-01,160.0,0.8
A586,2004-04-01,200.0,0.9
A586,2004-04-01,240.0,1.1
A586,2004-04-01,280.0,1.5
A586,2004-04-01,320.0,2.8
A586,2004-04-01,360.0,4.8
A587,2005-02-26,120.0,0.9
A587,2005-02-26,160.0,1.0
A587,2005-02-26,200.0,1.4
A587,2005-02-26,240.0,2.5
A587,2005-02-26,280.0,4.3
A587,2005-02-26,320.0,6.2
A589,2004-11-04,120.0,1.2
A589,2004-11-04,160.0,1.4
A589,2004-11-04,200.0,1.6
A589,2004-11-04,240.0,2.5
A589,2004-11-04,280.0,3.6
A589,2004-11-04,320.0,5.7
A589,2004-11-04,360.0,7.6
A582,2010-07-23,120.0,1.2
A582,2010-07-23,150.0,1.2
A582,2010-07-23,180.0,1.1
A582,2010-07-23,210.0,1.2
A582,2010-07-23,240.0,1.7
A582,2010-07-23,270.0,2.7
A582,2010-07-23,300.0,4.2
A582,2010-07-23,330.0,6.0
A581,2006-12-05,100.0,1.2
A581,2006-12-05,120.0,0.9
A581,2006-12-05,140.0,0.7
A581,2006-12-05,160.0,0.6
A581,2006-12-05,180.0,1.0
A581,2006-12-05,200.0,1.4
A581,2006-12-05,220.0,2.7
A581,2006-12-05,240.0,4.0
A581,2006-12-05,260.0,6.8
A583,2007-11-19,120.0,1.0
A583,2007-11-19,160.0,1.1
A583,2007-11-19,200.0,1.0
A583,2007-11-19,240.0,1.1
A583,2007-11-19,280.0,1.4
A583,2007-11-19,320.0,1.7
A583,2007-11-19,360.0,2.4
A583,2007-11-19,400.0,3.4
A583,2007-11-19,440.0,5.8
A583,2007-11-19,480.0,8.1
A577,2009-01-29,120.0,1.0
A577,2009-01-29,150.0,1.0
A577,2009-01-29,180.0,1.1
A577,2009-01-29,210.0,1.3
A577,2009-01-29,240.0,1.2
A577,2009-01-29,270.0,1.7
A577,2009-01-29,300.0,2.8
A577,2009-01-29,330.0,3.9
A577,2009-01-29,360.0,5.3
A578,2005-11-24,120.0,1.1
A578,2005-11-24,160.0,1.3
A578,2005-11-24,200.0,1.5
A578,2005-11-24,240.0,2.1
A578,2005-11-24,280.0,3.1
A578,2005-11-24,320.0,4.4
A578,2005-11-24,360.0,7.8
A579,2008-03-04,120.0,1.3
A579,2008-03-04,160.0,1.4
A579,2008-03-04,200.0,1.4
A579,2008-03-04,240.0,1.2
A579,2008-03-04,280.0,2.2
A579,2008-03-04,320.0,3.8
A579,2008-03-04,360.0,6.4
A584,2005-04-13,120.0,1.1
A584,2005-04-13,160.0,1.2
A584,2005-04-13,200.0,1.4
A584,2005-04-13,240.0,2.0
A584,2005-04-13,280.0,3.0
A584,2005-04-13,320.0,4.8
A584,2005-04-13,347.0,8.7
A585,2005-11-23,120.0,0.8
A585,2005-11-23,160.0,0.7
A585,2005-11-23,200.0,0.7
A585,2005-11-23,240.0,1.0
A585,2005-11-23,280.0,1.6
A585,2005-11-23,320.0,3.2
A585,2005-11-23,360.0,6.4
A580,2005-11-15,120.0,1.2
A580,2005-11-15,160.0,1.2
A580,2005-11-15,200.0,1.3
A580,2005-11-15,240.0,1.9
A580,2005-11-15,280.0,3.2
A580,2005-11-15,320.0,6.6
A580,2005-11-15,360.0,9.4
A575,2008-03-11,120.0,0.8
A575,2008-03-11,160.0,0.8
A575,2008-03-11,200.0,0.8
A575,2008-03-11,240.0,1.2
A575,2008-03-11,280.0,2.0
A575,2008-03-11,320.0,3.8
A575,2008-03-11,360.0,7.1
A572,2001-08-29,120.0,0.6
A572,2001-08-29,160.0,0.5
A572,2001-08-29,200.0,0.6
A572,2001-08-29,240.0,0.7
A572,2001-08-29,280.0,1.6
A572,2001-08-29,320.0,2.6
A572,2001-08-29,360.0,4.0
A572,2001-08-29,400.0,7.2
A571,2004-06-30,160.0,1.0
A571,2004-06-30,200.0,1.1
A571,2004-06-30,240.0,1.1
A571,2004-06-30,280.0,1.5
A571,2004-06-30,320.0,1.9
A571,2004-06-30,360.0,3.9
A571,2004-06-30,400.0,6.0
A573,2001-02-01,120.0,0.6
A573,2001-02-01,160.0,0.7
A573,2001-02-01,200.0,1.0
A573,2001-02-01,240.0,1.6
A573,2001-02-01,280.0,3.0
A573,2001-02-01,320.0,5.6
A573,2001-02-01,360.0,8.7
A574,2000-10-03,120.0,0.4
A574,2000-10-03,160.0,0.5
A574,2000-10-03,200.0,0.5
A574,2000-10-03,240.0,0.9
A574,2000-10-03,280.0,1.8
A574,2000-10-03,320.0,2.9
A574,2000-10-03,360.0,3.8
A576,2005-10-12,120.0,1.2
A576,2005-10-12,160.0,1.1
A576,2005-10-12,200.0,1.2
A576,2005-10-12,240.0,1.4
A576,2005-10-12,280.0,1.7
A576,2005-10-12,320.0,2.4
A576,2005-10-12,360.0,3.4
A576,2005-10-12,400.0,5.9
A576,2005-10-12,440.0,10.6
A569,2003-05-07,120.0,1.5
A569,2003-05-07,160.0,1.3
A569,2003-05-07,200.0,1.5
A569,2003-05-07,240.0,1.6
A569,2003-05-07,280.0,2.4
A569,2003-05-07,320.0,3.7
A569,2003-05-07,360.0,5.3
A569,2003-05-07,400.0,11.0
A568,2003-11-18,120.0,0.9
A568,2003-11-18,160.0,0.8
A568,2003-11-18,180.0,0.9
A568,2003-11-18,200.0,1.3
A568,2003-11-18,220.0,1.8
A568,2003-11-18,240.0,3.2
A568,2003-11-18,260.0,6.6
A570,2003-10-09,120.0,0.7
A570,2003-10-09,160.0,0.8
A570,2003-10-09,200.0,1.0
A570,2003-10-09,240.0,1.0
A570,2003-10-09,280.0,1.4
A570,2003-10-09,320.0,2.1
A570,2003-10-09,360.0,3.9
A570,2003-10-09,400.0,6.9
A566,2004-06-10,120.0,1.0
A566,2004-06-10,160.0,1.0
A566,2004-06-10,180.0,1.2
A566,2004-06-10,200.0,1.7
A566,2004-06-10,220.0,2.2
A566,2004-06-10,240.0,3.1
A566,2004-06-10,260.0,4.3
A566,2004-06-10,280.0,6.3
A563,2007-03-28,120.0,1.4
A563,2007-03-28,160.0,1.5
A563,2007-03-28,200.0,1.3
A563,2007-03-28,240.0,1.4
A563,2007-03-28,280.0,2.1
A563,2007-03-28,320.0,3.6
A563,2007-03-28,360.0,7.9
A562,2007-07-10,120.0,0.8
A562,2007-07-10,160.0,0.7
A562,2007-07-10,200.0,0.8
A562,2007-07-10,240.0,1.0
A562,2007-07-10,280.0,1.6
A562,2007-07-10,320.0,3.4
A562,2007-07-10,360.0,6.0
A562,2007-07-10,400.0,11.4
A564,2007-10-02,120.0,1.3
A564,2007-10-02,160.0,1.4
A564,2007-10-02,200.0,1.7
A564,2007-10-02,240.0,2.2
A564,2007-10-02,280.0,3.1
A564,2007-10-02,320.0,5.6
A564,2007-10-02,360.0,10.7
A567,2004-02-24,120.0,0.8
A567,2004-02-24,160.0,0.9
A567,2004-02-24,180.0,1.0
A567,2004-02-24,200.0,1.3
A567,2004-02-24,220.0,2.0
A567,2004-02-24,240.0,3.0
A567,2004-02-24,260.0,4.6
A567,2004-02-24,280.0,10.6
A559,2008-05-21,120.0,1.1
A559,2008-05-21,160.0,1.0
A559,2008-05-21,200.0,1.0
A559,2008-05-21,240.0,1.1
A559,2008-05-21,280.0,1.8
A559,2008-05-21,320.0,3.1
A559,2008-05-21,360.0,5.8
A559,2008-05-21,400.0,8.9
A561,2007-01-25,120.0,0.7
A561,2007-01-25,160.0,0.7
A561,2007-01-25,200.0,0.9
A561,2007-01-25,240.0,1.3
A561,2007-01-25,280.0,2.1
A561,2007-01-25,320.0,3.7
A561,2007-01-25,360.0,6.4
A561,2007-01-25,400.0,10.9
A560,2008-03-27,120.0,1.3
A560,2008-03-27,160.0,1.2
A560,2008-03-27,200.0,1.1
A560,2008-03-27,240.0,1.1
A560,2008-03-27,280.0,1.6
A560,2008-03-27,320.0,2.7
A560,2008-03-27,360.0,5.1
A560,2008-03-27,400.0,10.1
A557,2007-05-22,120.0,1.1
A557,2007-05-22,160.0,1.2
A557,2007-05-22,200.0,1.5
A557,2007-05-22,240.0,1.9
A557,2007-05-22,280.0,2.9
A557,2007-05-22,320.0,5.4
A557,2007-05-22,360.0,10.7
A554,2007-06-07,120.0,1.2
A554,2007-06-07,160.0,1.1
A554,2007-06-07,200.0,1.2
A554,2007-06-07,240.0,1.3
A554,2007-06-07,280.0,1.8
A554,2007-06-07,320.0,2.4
A554,2007-06-07,360.0,4.4
A554,2007-06-07,400.0,8.3
A554,2007-06-07,440.0,13.6
A556,2007-09-26,120.0,1.0
A556,2007-09-26,160.0,1.3
A556,2007-09-26,200.0,1.4
A556,2007-09-26,240.0,2.1
A556,2007-09-26,280.0,3.1
A556,2007-09-26,320.0,5.1
A556,2007-09-26,360.0,7.9
A553,2005-02-15,120.0,1.0
A553,2005-02-15,160.0,1.2
A553,2005-02-15,200.0,1.3
A553,2005-02-15,240.0,2.0
A553,2005-02-15,280.0,3.6
A553,2005-02-15,320.0,6.6
A555,2006-10-31,120.0,1.1
A555,2006-10-31,160.0,1.0
A555,2006-10-31,200.0,1.0
A555,2006-10-31,240.0,1.4
A555,2006-10-31,280.0,1.9
A555,2006-10-31,320.0,2.5
A555,2006-10-31,360.0,3.2
A555,2006-10-31,400.0,5.8
A558,2006-04-20,120.0,0.8
A558,2006-04-20,160.0,0.7
A558,2006-04-20,200.0,1.0
A558,2006-04-20,240.0,1.7
A558,2006-04-20,280.0,2.7
A558,2006-04-20,320.0,4.9
A550,2005-01-19,120.0,0.7
A550,2005-01-19,160.0,0.7
A550,2005-01-19,200.0,0.8
A550,2005-01-19,240.0,1.0
A550,2005-01-19,280.0,1.6
A550,2005-01-19,320.0,2.8
A550,2005-01-19,360.0,5.1
A550,2005-01-19,400.0,7.4
A551,2006-01-05,120.0,1.0
A551,2006-01-05,140.0,1.0
A551,2006-01-05,160.0,1.0
A551,2006-01-05,180.0,1.4
A551,2006-01-05,200.0,1.7
A551,2006-01-05,220.0,2.8
A551,2006-01-05,240.0,4.5
A551,2006-01-05,260.0,6.4
A552,2007-04-19,120.0,0.8
A552,2007-04-19,150.0,1.0
A552,2007-04-19,180.0,1.0
A552,2007-04-19,210.0,1.3
A552,2007-04-19,240.0,2.0
A552,2007-04-19,270.0,2.9
A552,2007-04-19,300.0,5.3
A552,2007-04-19,315.0,7.5
A547,2010-04-09,120.0,0.9
A547,2010-04-09,150.0,0.7
A547,2010-04-09,180.0,0.7
A547,2010-04-09,210.0,0.9
A547,2010-04-09,240.0,1.6
A547,2010-04-09,270.0,2.8
A547,2010-04-09,300.0,4.6
